Paper ID,Paper Title,Publisher,Venue,Year,Notes,Pandemic Data Related,Domain,Data- data type,Data- data size,Data- data source (optional),Users,User Group,Advanced Algorithm (0/1),Public Engagement (0/1),Tasks (optional),Visual Representations (chart),Visual Representations (notes),Visual Analytics (Interaction Lv.),Visual Analytics (notes*),Tools/platform,Tools/platform(notes*),DOI Link,Keyword Search On
IEEE01,Real-Time Data Visualization to Enhance Situational Awareness of COVID pandemic,IEEE,International Conference on Computational Science and Computational Intelligence (CSCI),2020,,,0,Time-series data,1,,[Public],Public,0,1,demonstrate the data visualization of the COVID pandemic in real-time for the fifty states in the USA,3D bar chart; 3D geospatial visualization,"stacked bar graphs, geographic representations of the data",Advanced,,Toolkits,[Toolkits]: 3D data visualization tool,https://doi.org/10.1109/CSCI51800.2020.00066,pandemic and visualization
IEEE02,Visualization of Covid-19 Pandemic Data: An Analysis,IEEE,"International Conf. on Computation, Automation and Knowledge Management (ICCAKM)
",2022,,,0,Tabular data,2,,"[Domain Subtype]: Statisticians, researchers, and public health officials",Data Scientists; Researchers; Public Health Experts,0,1,focuses on data visualization techniques and its efficiency,line chart; bar chart,"line charts, bar charts",Basic,,Toolkits,[Toolkits]:R programming language,https://doi.org/10.1109/ICCAKM54721.2022.9990151,pandemic and visualization
IEEE03,Interactive Data Visualization: Open Data of Pandemic Disease,IEEE,International Conference on Cybernetics and Intelligent System (ICORIS),2021,,,0,Tabular data; Geospatial data,3,,[Public],Public,1,1,visualize the open data,line chart; scatter plot,line chart and scatter plot,Advanced,,Toolkits,[Toolkits],https://doi.org/10.1109/ICORIS52787.2021.9649569,pandemic and visualization
IEEE04,"Data Visualization Platform and Tourism Resilience in the Post COVID-19 Pandemic in Chiang Mai, Thailand",IEEE,"Joint International Conference on Digital Arts, Media and Technology with ECTI Northern Section Conference on Electrical, Electronics, Computer and Telecommunications Engineering (ECTI DAMT \& NCON)",2023,,,0,Geospatial data,2,,[Public],Public,0,1,"They developed a system to control the spreading of COVID-19 including patient screening, surveillance, treatment, and follow-up, as well as health promotion",dashboard,interactive dashboard,Basic,,Toolkits,[Toolkits],https://doi.org/10.1109/ECTIDAMTNCON57770.2023.10139450,pandemic and visualization
IEEE05,Covid-19 Tracker: A data visualization tool for time series data of pandemic in India,IEEE,IEEE Asia-Pacific Conference on Computer Science and Data Engineering (CSDE),2021,,,0,Time-series data,2,,[Public],Public,0,1,"They proposed Covid-19 tracker that helps in visualizing the pattern of public health through graphs, search results, and tables that can be easily understood by the user",line chart; bar chart; map; table,"line chart, bar chart, map, table",Medium,,Toolkits,[Toolkits]: HTML and JavaScript,https://doi.org/10.1109/CSDE53843.2021.9718425,pandemic and visualization
IEEE06,Daily Visualization of Statewide COVID-19 Healthcare Data,IEEE,Workshop on Visual Analytics in Healthcare (VAHC),2020,,,0,Time-series data,3,,[Domain Subtype],Healthcare Experts,0,0,they created a dashboard to exchange- derived datase,dashboard,interactive dashboard,Medium,,Software,[Software]: Tableau,https://doi.org/10.1109/VAHC53729.2020.00007,pandemic and visualization
IEEE07,Visualizing the COVID-19 Pandemic: Retrospective Insights and Implications for Public Health Strategies,IEEE,IEEE International Symposium on Applied Computational Intelligence and Informatics,2024,,,0,Tabular data; Time-series data; Geospatial data,1,,"[Public]
[Domain subtype]",Public Health Experts,0,1,"they presented a comprehensive visualization-driven data analysis of the COVID-19 pandemic, focusing on key aspects such as new cases, vaccination rates, and demographic factors",line chart; bar chart; pie chart; scatter plot," line plot, scatter plot, pie chart, and bar chart",Basic,,Toolkits,[Toolkits],https://doi.org/10.1109/SACI60582.2024.10619727,pandemic and visualization
IEEE08,Forecasting & Severity Analysis of COVID-19 Using Machine Learning Approach with Advanced Data Visualization,IEEE,International Conference on Computer and Information Technology (ICCIT),2020,,,0,Tabular data; Time-series data,3,,[Domain Subtype],Domain Experts,1,1,"They have utilized different information representation and machine learning calculations to recreate the affirmed, recuperated, and passing cases.",line chart; scatter plot,"line chart, scatter plot",Medium,,Toolkits,[Toolkits] Computational Toolkits: Python,https://doi.org/10.1109/ICCIT51783.2020.9392704,pandemic and visualization
IEEE09,A Visual Analytics Based Decision Making Environment for COVID-19 Modeling and Visualization,IEEE,IEEE Visualization Conference (VIS),2020,,,1,Spatiotemporal Data,3,,"[Domain Subtype]
[Policymakers]",Policymakers; Domain Experts,1,1,"They developed a visual analytics environment that enables public health officials to model, simulate, and explore the spread of COVID-19 by supplying county-level information such as population, demographics, and hospital beds",geospatial map,Geospatial Map,Medium,-- linked panels: Users interact with geospatial maps and statistical views through linked panels,Web App,,https://doi.org/10.1109/VIS47514.2020.00024,pandemic and visualization
IEEE10,Visual Exploratory Data Analysis of the Covid-19 Pandemic in Nigeria: Two Years after the Outbreak,IEEE,Information Technology for Education and Development (ITED),2022,,,0,Time-Series Data,3,,"[Public]
[Domain Subtype]",Public; Domain Experts,1,1,They deployed Microsoft Excel and Python to perform EDA of the covid-19 pandemic data in Nigeria and presented our results via visualizations and a dashboard using Tableau.,dashboard; map; bubble chart; bar chart,"dashboard contains map, bubble chart, bar chart ",Basic,,Toolkits; Software,"[Software] Software Tools: Tableau for dashboard
[Toolkits] Computational Toolkits: Python and Microsoft Excel",https://doi.org/10.1109/ITED56637.2022.10051529,pandemic and visualization
IEEE11,Epidemic Data Analysis Based on Data Visualization Technology,IEEE,International Conference on Computer and Communication Engineering Technology,2022,,,0,Time-Series Data; Spatiotemporal Data,3,,"[Domain Subtype]
[Policymakers]",Policymakers; Domain Experts,0,0,"They analyzed the epidemic data in China from multiple levels, including comparison analysis based on time span and comparison analysis based on countries. ",line chart; bar chart,"line chart, bar chart",Basic,,Toolkits,[Toolkits] Computational Toolkits: Python,https://doi.org/10.1109/CCET55412.2022.9906371,pandemic and visualization
IEEE12,COVID-19 Topic Modeling and Visualization,IEEE,International Conference Information Visualisation (IV),2020,,,0,Document Data; Spatiotemporal Data,3,,"[Public]
[Domain Subtype]
[Policymakers]",Public; Policymakers; Domain Experts,1,1,"They collected COVID-19 related Tweets during this pandemic, analyzed the volume, location, frequent words, main topics and people’s emotion. They further visualized the evolution of the main topics along with the development of this pandemic. ",line chart; pie chart; geospatial map; wordcloud; bar chart; area chart,"line chart, pi chart, geospatial map, wordcloud, bar chart, area chart, line chart",Basic,,Toolkits,[Toolkits] Computational Toolkits: R,https://doi.org/10.1109/IV51561.2020.00129,pandemic and visualization
IEEE13,A Data Visualization Framework during Pandemic using the Density-Based Spatial Clustering with Noise (DBSCAN) Machine Learning Model,IEEE,International Conference on System Engineering and Technology (ICSET),2021,,,0,Time-Series Data; Spatiotemporal Data,1,,"[Public]
[Domain Subtype]
[Policymakers]",Public; Policymakers; Domain Experts,1,1,They proposed a framework that will be useful to monitor the information about COVID-19 and visualizing the information with a machine learning model,dashboard; bar chart; line chart; bubble chart; geospatial map,"dashboard with bar chart, line chart, bubble chart, geospatial map",Medium,,Toolkits; Web App; Mobile App,"[Toolkits] Computational Toolkits: Python 
[Web App.] Web-based Applications: Dashboard 
[Mobile App.] Mobile Applications",https://doi.org/10.1109/ICSET53708.2021.9612563,pandemic and visualization
IEEE14,A Scalable Architecture for Rapid Development of Trackers amid Pandemics like COVID-19,IEEE,International Conference on Computational Intelligence and Sustainable Engineering Solutions (CISES),2023,,,0,Geospatial Data; documment data,1,,"[Public]
[Domain Subtype]",Public; Domain Experts,0,1,"They proposed an architecture based on the client-server model that can handle the dynamic volume, velocity, and variety of information amid such a crisis.",dashboard; bar chart; geospatial map,"dashboard with bar chart, geospatial map",Advanced,":  Users can input parameters (e.g., location, medical needs) to get customized routes and results",Toolkits,[Toolkits] Computational Toolkits: Python and R,https://doi.org/10.1109/CISES58720.2023.10183460,pandemic and visualization
IEEE15,Using Exploratory Data Analysis for Generating Inferences on the Correlation of COVID-19 cases,IEEE,"International Conference on Computing, Communication and Networking Technologies (ICCCNT)",2020,,,0,Tabular data; Time-Series Data,1,,"[Domain Subtype]
[Policymakers]",Policymakers; Domain Experts,0,1,data visualization technique is applied to the dataset and is used to formulate patterns for better insights on the effects of the pandemic with respect to the variables/ labels given in the dataset,table; heatmap; bar chart; line chart; scatter plot,"table, heatmap, bar chart, line chart, scatter plot",Basic,,Toolkits; Web App,"[Toolkits] Computational Toolkits: Python
[Web App.] Web-based Applications: Jupyter Notebook",https://doi.org/10.1109/ICCCNT49239.2020.9225621,pandemic and visualization
IEEE16,"Interactive Data Driven Visualization for COVID-19 with Trends, Analytics and Forecasting",IEEE,International Conference Information Visualisation (IV),2020,,,1,Time-Series Data,3,,general public,Public,1,1,"they developed an interactive data-driven dashboard to not only view the current trends, but to also display important analytics and projections for the upcoming week",dashboard; geospatial map; pie chart; line chart; line chart; table; heatmap; tree map,"dashboard with geospatial map, pi chart, line chart, line chart, table, heatmap, tree map, ",Advanced,,Toolkits; Web App,"[Toolkits] Computational Toolkits: Built using Python libraries such as Dash, Plotly, and Pandas.
[Web App.] Web-based Applications: Interactive dashboard hosted on a web",https://doi.org/10.1109/IV51561.2020.00101,pandemic and visualization
IEEE17,Multi-Source Pandemic Data Visualization and Synchronization for Information Extraction,IEEE,Annual Computing and Communication Workshop and Conference (CCWC),2023,,,0,Time-Series Data,3,,"[Public]
[Domain Subtype]",Public; Domain Experts,1,1,They presented new algorithms for innovative data visualizations that provide users with intuitive feedback and enable them to see a complete story of where the data is concerned,geospatial map; line chart; bar chart,"geospatial map, line chart, bar chart",Advanced,,Toolkits; Web App,"[Toolkits] Computational Toolkits: JavaScript/D3
[Web App.] Web-based Applications",https://doi.org/10.1109/CCWC57344.2023.10099327,pandemic and visualization
IEEE18,Tableau-driven Data Analysis and Visualization of COVID-19 Cases in India,IEEE,International Conference on Innovative Trends in Information Technology (ICITIIT),2024,,,0,Time-Series Data,3,,"[Public]
[Domain Subtype]
[Policymakers]",Public; Policymakers; Domain Experts,0,1,They presented a comprehensive analysis and visualization of COVID-19 data in India using Tableau,dashboard; line chart; pie chart; map; bar chart,"dashboard with line chart, pi chart, map, bar chart, ",Advanced,,Toolkits,[Toolkits] Computational Toolkits: Tableau,https://doi.org/10.1109/ICITIIT61487.2024.10580670,pandemic and visualization
IEEE19,Multiple Forecast Visualizations (MFVs): Trade-offs in Trust and Performance in Multiple COVID-19 Forecast Visualizations,IEEE,IEEE Transactions on Visualization and Computer Graphics,2023,,,1,time-series data,3,,"[Domain Subtype]
",Domain Experts,0,1,They examined how visualization choices impact trust in COVID-19 mortality forecasts and how they influence performance in a trend prediction task,line chart,line chart,Basic,,Toolkits; Web App,"[Toolkits] Computational Toolkits: Built using Python libraries such as Plotly
[Web App.] Web-based Applications",https://doi.org/10.1109/TVCG.2022.3209457,pandemic and visualization
IEEE20,Analyzing and Responding to the Spread of COVID-19,IEEE,International Conference on Smart Information Systems and Technologies (SIST),2024,,,0,Time-Series Data,3,,"
[Domain Subtype]
[Policymakers]",Policymakers; Domain Experts,1,1,"Through comprehensive data analysis and visualization techniques, they scrutinized the disparities in case distribution and uncovered trends across diverse economic backgrounds.",bar chart; line chart; heatmap; scatter plot,"bar chart, line chart, heatmap, scatter plot",Basic,,Toolkits,[Toolkits] Computational Toolkits: Python,https://doi.org/10.1109/SIST61555.2024.10629290,pandemic and visualization
IEEE21,Malay Tweets: Discovering Mental Health Situation during COVID-19 Pandemic in Malaysia,IEEE,Student Conference on Research and Development (SCOReD),2021,,,0,Textual data,3,,"
[Domain Subtype]
[Policymakers]",Policymakers; Domain Experts,1,1,analysing mental health tweets during the first Movement Control Order period using unique keywords,wordcloud; bar chart; pie chart,"word cloud, bar chart, pi chart",Basic,,Toolkits,[Toolkits] Computational Toolkits: Python,https://doi.org/10.1109/SCOReD53546.2021.9652759,pandemic and visualization
IEEE22,Multi-dimensional characteristics and governance strategies of rumors about the COVID-19 pandemic,IEEE,International Conference on Data Science and Information Technology (DSIT),2022,,,0,Text data,3,,policymakers,Policymakers,1,1,"data mining and textual analysis were used to analyze the contents of rumors from the spatial, temporal, and semantic dimensions",wordcloud; bar chart,"word cloud, bar chart",Basic,,Toolkits; Web App,"[Toolkits] Computational Toolkits: SPSS, ROST, EdWordle 
[Web App.] Web-based Applications: Octoparse",https://doi.org/10.1109/DSIT55514.2022.9943892,pandemic and visualization
IEEE23,A Topological Data Analysis Approach to the COVID-19,IEEE,Joint International Information Technology and Artificial Intelligence Conference (ITAIC),2022,,,0,Time-Series Data,3,,"
[Domain Subtype]
",Domain Experts,1,0,They applied one of the TDA instruments available which is called the Mapper algorithm to analyze the COVID-19 data in China,mapper graph; line chart,"mapper graph, line chart",Basic,,Toolkits,[Toolkits] Computational Toolkits: Mapper,https://doi.org/10.1109/ITAIC54216.2022.9836495,pandemic and visualization
IEEE24,COVID-19 EnsembleVis: Visual Analysis of County-Level Ensemble Forecast Models,IEEE,IEEE Workshop on Visual Analytics in Healthcare (VAHC),2021,,,0,Spatiotemporal data,1,,"[Domain Subtype]
[Policymakers]",Policymakers; Domain Experts,1,1,"they built COVID-19 Ensemble Vis, a web-based interactive visual interface that allows the assessment of the errors of ensembles and individual models by enabling users to effortlessly navigate through and compare the outputs of models considering their space and time dimensions",map; heatmap; scatter plot,"map, heatmap, scatter plot, ",Advanced,,Toolkits; Web App,"[Web App.] Web-based Applications: Jupyter Notebook
[Toolkits] Computational Toolkits: Python, Angular, D3 and TopoJSON",https://doi.org/10.1109/VAHC53616.2021.00005,pandemic and visualization
IEEE25,Artificial Special Visual Geometry Group-16(VGG) Learning Model for Analysing Accuracy and Precision of SARS-COV-2 Forecasting,IEEE,International Conference on Computer Communication and Informatics (ICCCI),2023,,,0,Image corpus,3,,[Domain Subtype],Domain Experts,1,0,predict SARS-COV-2 efficiently applying recent artificial intelligence algorithms and lung radiography,line chart,line chart,Basic,,Toolkits,"[Toolkits] Computational Toolkits
Python",https://doi.org/10.1109/ICCCI56745.2023.10128551,pandemic and visualization
IEEE26,Influencing Factors and Clustering Characteristics of COVID-19: A Global Analysis,IEEE,Big Data Mining and Analytics,2022,,,0,Geospatial data,1,,"[Policymakers] Decision-makers and public health strategists
[Domain subtype] Epidemiologists, data scientists, and researchers",Policymakers; Epidemiologists; Data Scientists; Researchers,1,1,Descriptive statistics and regression analysis on COVID-19 data from different countries were conducted in this study to compare and evaluate various regression models,heatmap; area chart; box plot; histogram; line chart; bar chart,"heatmap, area chart, box plot, histogram, line chart,  cluster, Geographic clustering, bar chart  ",Medium,,Toolkits,,https://doi.org/10.26599/BDMA.2022.9020010,pandemic and visualization
IEEE27,Automated Detection of COVID-19 Cases using Recent Deep Convolutional Neural Networks and CT images,IEEE,International Conference of the IEEE Engineering in Medicine & Biology Society (EMBC),2021,,,0,2D Scalar Field (imagery data); Document data,3,,"[Domain subtype] Radiologists, clinicians, and researchers",Healthcare Experts,1,1,they proposed the development of recent deep learning models for automatic COVID-19 detection using computed tomography (CT) images.,image; line chart; heatmap,"images, line chart, heatmap",Advanced,,Toolkits,[Toolkits] Computational Toolkits,https://doi.org/10.1109/EMBC46164.2021.9629689,pandemic and visualization
IEEE28,CoviCare: Tracking Covid-19 using PowerBI,IEEE,International Conference on Signal Processing and Communication (ICSC),2022,,,0,Tabular data; Document data,3,,general public,Public,1,1,a COVID-19 analytical tracker was developed using PowerBI to provide the most up-to-date sickness status as well as critical analytical insights,dashboard; line chart; bar chart; scatter plot,"dashboard with line chart, bar chart, scatter plot",Basic,,Software,[Software] PowerBI,https://doi.org/10.1109/ICSC56524.2022.10009069,pandemic and visualization
IEEE29,A Real-Time Human Mobility Visualization of Covid-19 Spread from East Asian Countries,IEEE,"International Conference on Social Network Analysis, Management and Security (SNAMS)",2021,,,0,Spatiotemporal data; Document data,3,,[domain subtype] Domain experts and subtypes,Domain Experts,1,1,illustrated the multidimensional visualization of real-time covid-19 spread from China & neighbouring East Asian countries to the rest of the world,geospatial map; line chart; bar chart,"line chart, bar chart, geospatial map",Medium,,Toolkits; Web App; Software,"[Toolkits] Python (matplotlib, Folium, NetworkX)
[Software] Tableau, Google Data Studio, MS Excel
[Web App.] Carto",https://doi.org/10.1109/SNAMS53716.2021.9732103,pandemic and visualization
IEEE30,Business Intelligence Solution for Covid-19 Pandemic,IEEE,International Conference on Emerging Trends in Computing and Engineering Applications (ETCEA),2022,,,0,Tabular data; Time-series data,3,,[policymakers] Decision-makers and policymakers,Policymakers,1,1,This paper explored different ways of utilizing analytics and business intelligence tools and solutions to understand the spread of COVID-19 around the globe and predict the number of new COVID-19 cases likely to be recorded,dashboard; geospatial map; line chart; bar chart,"dashboard with line chart, bar chart, geospatial map",Basic,,Software,[Software] Microsoft Power BI,https://doi.org/10.1109/ETCEA57049.2022.10009694,pandemic and visualization
IEEE31,A Real-Time COVID-19 Data Visualization and Information Repository in the Philippines,IEEE,International Conference on Information and Education Technology (ICIET),2021,,,0,Tabular data; Spatiotemporal data,3,,Public,Public,0,1,comprehensive Interactive Philippine Dashboard,dashboard; geospatial map; line chart; bar chart,"dashboard with line chart, bar chart, geospatial map",Medium,,Web App,[Web App.] Sustainable Development Solutions Network Platform,https://doi.org/10.1109/ICIET51873.2021.9419591,pandemic and visualization
IEEE32,Data-Driven Analysis and Forecasting of COVID-19 Third Wave in SAARC Countries,IEEE,International Conference on Information and Communication Technology for Sustainable Development (ICICT4SD),2023,,,0,Tabular data; Spatiotemporal data,3,,[Domain subtype] Public health experts and policymakers,Policymakers; Public Health Experts,1,1,they have analyzed the aftermath of COVID-19's third wave in SAARC countries and proposed a model for forecasting future situations using Machine Learning (ML) algorithms,line chart,line chart,Basic,,Toolkits,[Toolkits] Computational Toolkits,https://doi.org/10.1109/ICICT4SD59951.2023.10303347,pandemic and visualization
IEEE33,Visualization Analysis of Spatiotemporal Data of COVID-19,IEEE,International Conference on Intelligent Systems and Knowledge Engineering (ISKE),2021,,,0,Spatiotemporal data,3,,"[Domain subtype] Public health analysts and data scientists
",Public Health Experts; Data Scientists,0,1,"this paper proposed a spatiotemporal visualization analysis method based on the technology of scraping crawler and visualization, and carries on the visualization analysis and research,",map; heatmap; line chart; wordcloud; bar chart,"map, heatmap, line chart, word cloud, bar chart",Basic,,Toolkits,[Toolkits] Computational Toolkits: python,https://doi.org/10.1109/ISKE54062.2021.9755367,pandemic and visualization
IEEE34,Interactive Visualization for Statistical Modelling through a Shiny App in R,IEEE,International Conference on Data Analytics for Business and Industry (ICDABI),2021,,,0,Tabular data; Spatiotemporal data,3,,"[Domain subtype] Data scientists, statisticians, researchers, and developers
[Public] General public ",Public; Data Scientists,0,1,this paper aimed to shed light on the importance of interactive visualizations to compliment statistical data modelling using R and Shiny for its advanced capabilities,line chart; scatter plot,"line chart, scatter plot",Basic,,Toolkits,"Tools/Platforms
[Toolkits] Computational Toolkits: R",https://doi.org/10.1109/ICDABI53623.2021.9655841,pandemic and visualization
IEEE35,Visual Exploratory Data Analysis of COVID-19 Pandemic,IEEE,IEEE International Conference on Recent Advances and Innovations in Engineering (ICRAIE),2020,,,0,Tabular data; Spatiotemporal data,3,,"[Public] Non-specialists and the general public
[domain subtype] Data analysts, public health experts, policymakers",Public; Policymakers; Data Scientists; Public Health Experts,1,1,"This paper is composed of the visual exploratory data analysis of the countries based on the number of confirmed, recovered and death cases along with the comparative analysis of the mortality and recovery rate for nearly 222 nations worldwide",line chart; bar chart,"line chart, bar chart",Basic,,Toolkits,[Toolkits] Computational Toolkits,https://doi.org/10.1109/ICRAIE51050.2020.9358331,pandemic and visualization
IEEE36,VISUAL ANALYTICS OF MOBILITY NETWORK CHANGES OBSERVED USING MOBILE PHONE DATA DURING COVID-19 PANDEMIC,IEEE,IEEE International Conference on Data Mining Workshops (ICDMW),2022,,,0,Spatiotemporal data,3,,"[Public] General public, government agencies, and healthcare policymakers
[domain subtype] Data scientists, mobility researchers, epidemiologists",Data Scientists; Epidemiologists; Public,1,1,This paper introduced a digital framework that combines an integration of real mobility data at the country scale with a series of modeling techniques and visual capabilities that highlight mobility patterns before and during the pandemic,node-link graph; heatmap,"network graph, heatmap",Medium,,Toolkits,[Toolkits] Computational Toolkits,https://doi.org/10.1109/ICDMW58026.2022.00093,pandemic and visualization
IEEE37,Social Network Analysis and Visualization of Arabic Tweets During the COVID-19 Pandemic,IEEE,IEEE Access,2021,,,0,Textual data,1,,"[Public] General public, researchers, health organizations, and policymakers
[domain subtype] Social media analysts, data scientists, communication specialists",Public; Sociological Experts; Data Scientists; Policymakers,1,1,the research adopted a social network analysis (SNA) for COVID-19 Arabic tweets.,bar chart; line chart; scatter plot; node-link graph; wordcloud,"bar chart, line chart, scatter plot, network graph, word cloud",Medium,,Software,[Software] Software Tools: Gephi software,https://doi.org/10.1109/ACCESS.2021.3091537,pandemic and visualization
IEEE38,Analyzing the Impact of COVID-19 on U.S. Employment Through Data Visualization,IEEE,"International Symposium on Networks, Computers and Communications (ISNCC)",2024,,,0,Tabular data; Time-series data,3,,"[Policymakers]
[Domain Subtype] Economists and Employment Analysts",Policymakers; Economists,0,1,They utilized data visualization to present a comprehensive analysis that can aid government efforts in planning and managing employment during pandemics such as COVID-19,line chart; map,"line chart, map",Basic,,Toolkits,[Toolkits] Computational Toolkits: R,https://doi.org/10.1109/ISNCC62547.2024.10758958,pandemic and visualization
IEEE39,CovidLens: Visually Understanding the Covid-19 Indicators through the Lens of Mobility Data,IEEE,IEEE International Conference on Mobile Data Management (MDM),2022,,,0,Tabular data; Time-series data,3,,"[Domain Subtype] Data Analysts and Epidemiologists
[Policymakers]",Data Scientists; Epidemiologists; Policymakers,1,1,"They proposed CovidLens, which: 1) integrates various Covid-19 indicators and is centred around the Google Community Mobility Report dataset, 2) supports similarity search for finding similar and correlated patterns and trends across the integrated datasets, and 3) automatically recommends insightful visualizations that unlocks valuable insights into the pandemic effects",dashboard; geospatial map; line chart,"dashboard with line chart, geospatial map",Advanced,,Toolkits; Web App,"[Web App.] Web-based Applications
[Toolkits] Computational Toolkits",https://doi.org/10.1109/MDM55031.2022.00066,pandemic and visualization
IEEE40,A Multiscale Geospatial Dataset and an Interactive Visualization Dashboard for Computational Epidemiology and Open Scientific Research,IEEE,IEEE Computer Graphics and Applications,2023,,,1,Spatiotemporal Data,3,," [Domain Subtype] Epidemiologists, Data Scientists
 [Policymakers]",Data Scientists; Epidemiologists; Policymakers,1,1,they presented a curated multiscale geospatial dataset with an interactive visualization dashboard under the context of COVID-19,geospatial map; heatmap,"Geographic Maps, heatmap",Advanced,,Toolkits; Web App,"[Web App.] Web-based Applications
[Toolkits] Computational Toolkits: Python",https://doi.org/10.1109/MCG.2022.3230444,pandemic and visualization
IEEE41,Design and Implementation of Big Data Crawling and Visualization System Based on COVID-19 Data,IEEE,"IEEE Asia-Pacific Conference on Image Processing, Electronics and Computers (IPEC)",2022,,,0,Spatiotemporal Data,1,,"[Public] General Public
[Domain Subtype] Developers, Analysts",Public; Data Scientists,1,1,,geospatial map; line chart,"Geographic Maps, line chart",Medium,,Toolkits; Web App,"- [Toolkits] Python (Scrapy, Ant Design for visualization)
- [Web App.] Django",https://doi.org/10.1109/IPEC54454.2022.9777418,pandemic and visualization
IEEE42,Daily Visualization of Statewide COVID-19 Healthcare Data,IEEE,Workshop on Visual Analytics in Healthcare (VAHC),2020,,,0,Tabular Data; Time-Series Data,1,," [Domain Subtype] Public Health Experts, Healthcare Administrators
 [Policymakers]",Public Health Experts; Policymakers,0,1,they leveraged our state-wide health information exchange- derived dataset that represents nearly all healthcare facilities in Indiana,dashboard; line chart; bar chart; geospatial map; pie chart,"dashboard with line chart, bar chart, geospatial map, pi chart",Basic,,Toolkits; Web App,"[Web App.] 
[Toolkits]: Tableau",https://doi.org/10.1109/VAHC53729.2020.00007,healthcare and visualization
IEEE43,A Visual Analytics Solution for Analyzing and Mining Infectious Disease Data,IEEE,International Conference Information Visualisation (IV),2024,,,1,Tabular Data; Geospatial Data; Time-Series Data,1,,"[Domain Subtype] Epidemiologists, public health analysts
[Policymakers] Government and healthcare decision-makers",Data Scientists; Epidemiologists; Policymakers,1,1,"they presented a visual analytics solution to analyze and visualize infectious disease data (e.g., COVID-19 data)",line chart; map,"map, line chart",Medium,,Toolkits; Software,"[Software] 
[Toolkits] ",https://doi.org/10.1109/IV64223.2024.00058,healthcare and visualization
IEEE44,Visual Analytics based Search-Analyze-Forecast Framework for Epidemiological Time-series Data,IEEE,"IEEE VIS Workshop on Visualization for Pandemic and Emergency Responses (Vis4PandEmRes)
",2023,,,1,Time-Series Data,1,,"[Domain Subtype] Public health experts, epidemiologists",Data Scientists; Epidemiologists; Public Health Experts,1,1,"they presented a visual analytics approach to support data-driven prediction based on a search-analyze-predict process comprising a multi-metric, multi-criteria time-series search method and a data-driven prediction technique",bar chart; line chart,"line chart, bar chart",Advanced,,Toolkits; Web App,"[Toolkits]
[Web App] ",https://doi.org/10.1109/Vis4PandEmRes60343.2023.00006,healthcare and visualization
IEEE45,ESID: Exploring the Design and Development of a Visual Analytics Tool for Epidemiological Emergencies,IEEE,"IEEE VIS Workshop on Visualization for Pandemic and Emergency Responses (Vis4PandEmRes)
",2023,,,1,Spatiotemporal Data; Tabular Data,1,,"Public
[Domain Subtype] Expert
[Policymakers] Politicians",Public; Policymakers; Domain Experts,1,1,they presented the design and development process of the visual analytics application ESID (Epidemiological Scenarios for Infectious Diseases ),bar chart; line chart; map; pie chart,"map, line chart, bar chart, pi chart",Advanced,,Toolkits; Web App,"[Toolkits]
[Web App] ",https://doi.org/10.1109/Vis4PandEmRes60343.2023.00007,healthcare and visualization
IEEE46,A Lens to Pandemic Stay at Home Attitudes,IEEE,"IEEE VIS Workshop on Visualization for Pandemic and Emergency Responses (Vis4PandEmRes)
",2023,,,1,Textual Data; TimeSeries Data,1,,"Public
[Domain Subtype] Researchers",Public; Researchers,0,1,they described the design process and the challenges we met during a rapid multi-disciplinary pandemic project related to stay-at-home orders and social media moral frames,bar chart; line chart; map,"map, line chart, bar chart",Basic,,Toolkits; Software,"[Software] 
[Toolkits] ",https://doi.org/10.1109/Vis4PandEmRes60343.2023.00008,healthcare and visualization
IEEE47,Smart Decision Making Using Data Science Technology with COVID-19 Data*,IEEE,"Congress in Computer Science, Computer Engineering, & Applied Computing (CSCE)",2023,,,0,Tabular Data; Spatiotemporal Data,1,,"[Policymakers]
[Domain Subtype]",Policymakers; Domain Experts,1,1,"using various data science technologies including correlation analysis, regression analysis, and exploratory data analysis to understand the relationship among different variables and factors",bar chart; line chart; map,"bar chart, line chart, map",Medium,,Software,[Software],https://doi.org/10.1109/CSCE60160.2023.00222,healthcare and visualization
IEEE48,I-CovidVis – A Visual Analytics Tool for Interoperable Healthcare Databases using Graphs,IEEE,International Symposium on Computer-Based Medical Systems (CBMS),2021,,,0,Time-Series Data,1,,"[Domain Subtype] Healthcare professionals, researchers, and analysts",Healthcare Experts; Researchers; Data Scientists,1,0,"they presented I-CovidVis, a visualization tool to explore data from interoperable healthcare systems, able to compare and navigate in both global and local perspectives",node-link graph; bar chart,"network graph, bar chart",Advanced,,Toolkits; Software,"[Software] 
[Toolkits] ",https://doi.org/10.1109/CBMS52027.2021.00059,healthcare and visualization
IEEE49,Designing a System for Data Processing and Visualization in the Public Health System,IEEE,"International Congress on Human-Computer Interaction, Optimization and Robotic Applications (HORA)",2023,,,0,Textual Data,3,," [Public]
[Domain Subtype]: Public health professionals, researchers",Public Health Experts; Public,0,1,This paper focuses on the development of a system for processing and visualizing survey data about immunization attitudes,pie chart,pi chart,Basic,,Toolkits; Software,"[Software] 
[Toolkits] ",https://doi.org/10.1109/HORA58378.2023.10156752,healthcare and visualization
IEEE50,Enabling Longitudinal Exploratory Analysis of Clinical COVID Data,IEEE,IEEE Workshop on Visual Analytics in Healthcare (VAHC),2021,,,0,"Time-Series Data; Tabular Data
",3,,"[Domain Subtype]: Clinical researchers, public health experts, and epidemiologists.
[Policymakers]",Public Health Experts; Epidemiologists; Policymakers,0,0,a team of collaborators worked to apply existing event sequence visual analytics technologies to a longitudinal clinical data from a cohort of 998 patients with high rates of COVID-19 infection,bar chart; scatter plot,"bar chart, scatter plot",Medium,,Software,[Software],https://doi.org/10.1109/VAHC53616.2021.00008,healthcare and visualization
IEEE51,Communicating on Multivariate and Geospatial Data supported by ergonomics criteria: COVID-19 case,IEEE,Workshop on Visual Analytics in Healthcare (VAHC),2020,,,0,"Time-Series Data; Tabular Data
",3,,"[Public]
[Domain Subtype]",Domain Experts; Public,0,1,"identified ergonomics criteria for efficient data visualization, and presented several visualizations in a pre/post fashion, reflecting how visualizations initially proposed by data scientists can be improved after the application of ergonomics guidelines.",bar chart; scatter plot; area chart; map,"bar chart, area chart, map, scatter plot",Basic,,Toolkits; Software,"[Software]
[Toolkits]",https://doi.org/10.1109/VAHC53729.2020.00008,healthcare and visualization
IEEE52,Meaningful Big Data Integration for a Global COVID-19 Strategy,IEEE,IEEE Computational Intelligence Magazine,2020,,,0,Tabular Data; Textual Data; Geospatial Data; Time-Series Data; Event Data,1,," [Policymakers]
[Domain Subtype]",Domain Experts; Policymakers,1,1,"The MIDAS platform dashboard refocused to explore COVID-19 over proprietary data, worldwide news, social media campaigns and biomedical research",dashboard; geospatial map,"Dashboards with integrated time-series data
Geographic map",Medium,,Software; Web App,"[Software]
[Cloud]",https://doi.org/10.1109/MCI.2020.3019898,healthcare and visualization
IEEE53,RNN Predication for COVID-19,IEEE,"International Conference on Intelligent Computing, Communication & Convergence (ICI3C)",2023,,,0,Time-Series Data,3,,"[Domain Subtype]: Epidemiologists, data scientists, and public health experts",Public Health Experts; Healthcare Experts; Data Scientists,1,1,"they focused on in-depth analysis using time series prediction models, specifically Long Short-Term Memory (LSTM) and Gated Recurrent Unit Network (GRUNet), applied to COVID-19 data from Hopkinson University",line chart,line chart,Basic,,Toolkits; Software,"[Software]
[Toolkits]
",https://doi.org/10.1109/ICI3C60830.2023.00034,healthcare and visualization
IEEE54,Computational Decision Support for the COVID-19 Healthcare Coalition,IEEE,Computing in Science & Engineering,2021,,,0,Tabular Data,3,,[Domain Subtype]: Healthcare,Healthcare Experts,1,1,This classification underscores the coalition's role in integrating and analyzing diverse data sources to support decision-making during the pandemic,dashboard; geographic map,dashboards with Geographic map,Basic,,Software,[Software],https://doi.org/10.1109/MCSE.2020.3036586,healthcare and visualization
IEEE55,COVID-19 Outbreak: An Epidemic Analysis using Time Series Prediction Model,IEEE,"International Conference on Cloud Computing, Data Science & Engineering (Confluence)",2021,,,0,Time-Series Data,1,,"[Domain Subtype]: Epidemiologists, public health experts, and researchers",Public Health Experts; Epidemiologists,1,1,a Time Series Forecasting model and analyze the COVID-19 epidemic occurrence to check whether these numbers are going to be increased or decreased in near future,line chart,line chart,Basic,,Toolkits,[Toolkits],https://doi.org/10.1109/Confluence51648.2021.9377075,healthcare and visualization
IEEE56,Spatial-Temporal Data Science of COVID-19 Data,IEEE,International Conference on Big Data Science and Engineering (BigDataSE),2021,,,0,Spatiotemporal Data,1,,"[Domain Subtype]
[Policymakers]",Policymakers; Domain Experts,1,1,they presented a data science engine to analyze and mine COVID-19 data,bar chart; line chart,"stacked column chart, line chart",Basic,,Toolkits,[Toolkits] Computational Toolkits,https://doi.org/10.1109/BigDataSE53435.2021.00011,healthcare and visualization
IEEE57,Explainable Risk Prediction on Streaming Data: a LSTMs application to SARS-CoV-2 Patients,IEEE,International Conference on Evolving and Adaptive Intelligent Systems (EAIS),2024,,,0,Tabular Data,0,,"[Domain Subtype]
[Policymakers]",Policymakers; Domain Experts,1,1,they developed a model using a cohort of 2301 patients diagnosed with SARS-CoV-2 using RT-qPCR from February-May 2020,histogram; bar chart; line chart; area chart,"histogram, bar chart, line chart, area chart",Medium,,Toolkits; Web App,"[Toolkits] Computational Toolkits
[Web App.]",https://doi.org/10.1109/EAIS58494.2024.10570018,healthcare and visualization
IEEE58,A Modeling and Simulation Platform for Space-Based Compartmental Modeling of Pandemic Spread,IEEE,Annual Modeling and Simulation Conference (ANNSIM),2021,,,0,Spatiotemporal Data,0,,[Domain Subtype]: Public health,Public Health Experts,1,1,they presented an Modeling and Simulation (M&S) framework to perform rapid prototyping of pandemic spread using the Cell-DEVS space-based discrete-event modeling approach,line chart,line chart,Basic,,Toolkits; Web App,[Toolkits] Simulation Platforms,https://doi.org/10.23919/ANNSIM52504.2021.9552046,epidemiological modeling and visualization
IEEE59,Rapid Development of a Data Visualization Service in an Emergency Response,IEEE,IEEE Transactions on Services Computing,2022,,,0,Tabular Data,1,,[Domain Experts],Domain Experts,0,0,they presented the design and development of a data visualization service (RAMPVIS) in response to the urgent need to support epidemiological modeling workflows during the COVID-19 pandemic,dashboard,dashboard with plots,Medium,,Toolkits; Web App,"[Web App.] Web-Based Applications
[Toolkits] Computational Toolkits:",https://doi.org/10.1109/TSC.2022.3164146,epidemiological modeling and visualization
IEEE60,A Covid-19 Epidemiological Analysis and Forecasting Dashboard for Hospitals Using Time-Series Analysis and Deep Learning,IEEE,International Conference on Computing and Machine Intelligence (ICMI),2024,,,0,Time-Series Data,0,,public,Public,1,1,"forecasting models such as ARIMA, RNN and LSTM were developed to predict Covid-19 time-series data relevant to hospitals, which were then evaluated and compared using MAE and RMSE",dashboard; line chart,dashboard with line chart,Basic,,Toolkits; Web App,"[Web App.] Web-Based Applications
[Toolkits] Computational Toolkits:",https://doi.org/10.1109/ICMI60790.2024.10585832,epidemiological modeling and visualization
IEEE61,Prediction of Corona Virus Outbreak using Machine Learning,IEEE,"IEEE International Conference on Intelligent Systems, Smart and Green Technologies (ICISSGT)",2021,,,0,Tabular Data,0,,[Domain Experts],Domain Experts,1,0,"Machine learning algorithms like SVM, Linear Regression and Decision Tree Regression are used to analyze this data and improve this model's outcome",heatmap; bar chart; line chart; area chart,"heatmap, bar chart, line chart, area chart",Basic,,Toolkits; Software,"[Software] Software Tools: Jupyter Notebook
[Toolkits] Computational Toolkits: Python",https://doi.org/10.1109/ICISSGT52025.2021.00020,epidemiological modeling and visualization
IEEE62,Visual Analytics for Decision-Making During Pandemics,IEEE,Computing in Science & Engineering,2020,,,0,Spatiotemporal Data; Tabular Data; Event Data,1,,"[Policymakers]
[Domain Subtype]: Public health experts, epidemiologists, healthcare practitioners",Healthcare Experts; Public Health Experts; Epidemiologists; Policymakers,1,1,"They discussed PanViz 2.0 system, a visual analytics application for supporting pandemic preparedness through a tightly coupled epidemiological model and interactive interface",map; line chart,"map, line chart, clusters",Advanced,,Toolkits; Software,"[Software]
[Toolkits]",https://doi.org/10.1109/MCSE.2020.3023288,epidemiological modeling and visualization
IEEE63,Fine-grained parallel social modelling for analyzing COVID-19 propagation,IEEE,"Euromicro International Conference on Parallel, Distributed and Network-Based Processing (PDP)",2023,,,0,Simulation Data,1,,[Domain Experts],Domain Experts,1,0,"they presented a parallel workflow for extending the social modelling of EpiGraph, an agent-based simulator. They have included two novel parallel social generation stages -that provide detailed and realistic social model- and one new visualization stage",map; heatmap; bar chart; line chart,"map, heatmap, bar chart, line chart",Advanced,,Toolkits; Software,"[Software]
[Toolkits]",https://doi.org/10.1109/PDP59025.2023.00026,epidemiological modeling and visualization
IEEE64,Analysis and Prognosis of Covid-19 using Machine Learning Algorithms and Visualization using Tableau,IEEE,International Conference on Communication and Electronics Systems (ICCES 2022),2022,,,0,Time-Series Data,3,,"[Domain Experts]
[Policymakers]",Policymakers; Domain Experts,1,1,"This paper uses prognosticative machine learning models that predict corona positives and deaths as a result of the crisis, and the recovery rate from the pandemic",dashboard; geospatial map; bar chart; tree map; scatter plot; table; pie chart; area chart,"dashboard with bar chart, pi chart, area chart, scatter plot, table, treemap, map ",Medium,,Toolkits; Software,"[Software]: Tableau
[Toolkits]: Python",https://doi.org/10.1109/ICCES54183.2022.9835941,epidemiological modeling and visualization
IEEE65,Data Science-Driven System Design with LSTM Neural Networks: A COVID-19 Perspective,IEEE,International Symposium INFOTEH-JAHORINA (INFOTEH),2024,,,0,Time-Series Data,0,,"[Domain Experts]
[Policymakers]",Policymakers; Domain Experts,1,1,This paper emphasizes the significance of utilizing data science tools for system design research and their contribution to the field,line chart,line chart,Advanced,,Toolkits,"
[Toolkits]: Python",https://doi.org/10.1109/INFOTEH60418.2024.10495922,epidemiological modeling and visualization
IEEE66,RBTM: Prediction of COVID-19 from Random Blood Test with Machine Learning Algorithms,IEEE,International Conference on System Modeling & Advancement in Research Trends,2022,,,0,tabular data,0,,[Domain Experts],Domain Experts,1,0,they developed an efficient classification model that effectively produces the predictive values of infected patients with suspicious symptoms and epidemiological history to defeat this,bar chart; heat map; box plot,"bar chart, heat map, box plot",Basic,,Toolkits,"
[Toolkits]",https://doi.org/10.1109/SMART55829.2022.10047515,epidemiological modeling and visualization
IEEE67,Analysis of the Spatio-Temporal Dynamics of COVID-19 in Massachusetts via Spectral Graph Wavelet Theory,IEEE,Transactions on Signal and Information Processing over Networks,2022,,,0,geospatial data,1,,[Domain Experts],Domain Experts,1,0,"they studied COVID-19 data interpretation and visualization using open-data sources for 351 cities and towns in Massachusetts from December 6, 2020 to September 25, 2021",map; node-link graph; bar chart; line chart,"map, network graph, bar chart, line chart",Basic,,Toolkits,"
[Toolkits]",https://doi.org/10.1109/TSIPN.2022.3193252,epidemiological modeling and visualization
IEEE68,Forecasting COVID-19 pandemic using an echo state neural network-based framework,IEEE,International Joint Conference on Neural Networks (IJCNN),2021,,,0,geospatial data,0,,[Domain Experts],Domain Experts,1,0,Echo State Networks (ESNs) are evaluated for COVID-19 (Coronavirus Disease 2019) cases and deaths forecasting ten days ahead,map; line chart; violin plot,"map, line chart, Violin plot",Basic,,Toolkits,"
[Toolkits]",https://doi.org/10.1109/IJCNN52387.2021.9533857,epidemiological modeling and visualization
IEEE69,Research on Visualization of Emergency Response To COVID-19 : ——Social Network Analysis Based on Microblog Data,IEEE,International Conference on Intelligent Computing and Signal Processing (ICSP),2021,,,0,textual data,1,,"[Domain Experts]
[Policymakers]",Policymakers; Domain Experts,1,0,"This paper is based on theories related to social network analysis, with Sina WeChat ""emergency management"" information dissemination as the research object, and web spider, Chinese word segmentation, Gephi and other social network analysis tools to carry out empirical study of emergency management structures, network centres and media at various phases during COVID-19",node-link graph,network graph,Medium,,Toolkits; Web App,"[Web App.] Web-Based Applications
[Toolkits] Computational Toolkits:",https://doi.org/10.1109/ICSP51882.2021.9409000,emergency responses and visualization
IEEE70,COVID-19 Visualization Platform Based on Population Density Propagation Model,IEEE,International Conference on Data Science and Computer Application (ICDSCA),2022,,,0,Tabular Data; time-series data,1,,public,Public,1,1,"Based on the classical SIR model and CEMM intercity model, a new model was established by adding ""population density"" parameter to analyze and predict the spread of virus",line chart; bar chart,"line chart, bar chart",Basic,,Toolkits; Web App,"[Toolkits] Python 
[Web App.] Web-based visualization platform ",https://doi.org/10.1109/ICDSCA56264.2022.9987870,emergency responses and visualization
IEEE71,PandemCap: Decision support tool for epidemic management,IEEE,IEEE Workshop on Visual Analytics in Healthcare (VAHC),2017,,,0,Tabular Data,1,,"[Policymakers] 
[Domain Subtype] ",Policymakers; Domain Experts,1,0,"this paper presented PandemCap, an innovative decision support tool that can be used by the public health officials for making better and well informed decisions in the event of pandemics or high impact epidemics",line chart; bar chart; map,"line chart, bar chart, map",Medium,,Toolkits; Web App,"[Toolkits] 
[Web App.] Web-based visualization platform ",https://doi.org/10.1109/VAHC.2017.8387497,emergency responses and visualization
IEEE72,Googling as a Key:Exploring the Relationship between COVID-19 Cases and Internet Search Behavior,IEEE,International Conference on Web Research (ICWR),2023,,,0,Textual Data; Time-Series Data,0,,[Domain Subtype],Domain Experts,0,1,they analyzed the relationship between the search behavior of users on COVID-19-related queries and the rates of COVID-19 cases,line chart,line chart,Basic,,Toolkits,[Toolkits] Python,https://doi.org/10.1109/ICWR57742.2023.10139118,emergency responses and visualization
IEEE73,The effects of travel containment measures within COVID-19,IEEE,International Conference Information Visualisation (IV),2020,,,1,Geospatial Data; Time-Series Data,0,,"[Policymakers] 
[Domain Subtype]",Policymakers; Domain Experts,0,1,"they investigated the travel containment measures (government restrictions) taken in response to the COVID-19 emergency have on Victorian's mobility as this insight is vital to estimate parameters appropriate for the different stages of the crisis, before and after the implementation of prevention policies",bar chart; line chart; map; node-link graph,"bar chart, network graph, line chart, map",Basic,,Toolkits,[Toolkits] GIS tools,https://doi.org/10.1109/IV51561.2020.00071,emergency responses and visualization
IEEE74,EpiMob: Interactive Visual Analytics of Citywide Human Mobility Restrictions for Epidemic Control,IEEE,IEEE Transactions on Visualization and Computer Graphics,2023,,,1,"Spatiotemporal Data 
",1,,"[Policymakers] 
[Domain Subtype]",Policymakers; Domain Experts,1,1,an interactive visual analytics system called Epidemic Mobility (EpiMob) was designed in this study,bar chart; line chart; map; pie chart,"line chart, bar chart, map, pi chart",Advanced,,Toolkits,[Toolkits] Python,https://doi.org/10.1109/TVCG.2022.3165385,emergency responses and visualization
IEEE75,Developing the government COVID-19 website: Lessons Learned from Jakarta,IEEE,international conference on ICT for smart society (ICISS),2020,,,0,Textual Data; Tabular Data,1,,"[Public]  
[Policymakers]  
[Domain Subtype] ",Public; Policymakers; Domain Experts,0,1,provides lessons learned from developing an official COVID-19 website of the Provincial Government of Jakarta. This paper outlines different aspects of developing an official COVID-19 website and an ideal solution to the challenges involved in developing one. This paper uses agile development methods as an evidence base to develop a website.,line chart,line chart,Basic,,Toolkits; Web App,"[Web App.] 
[Toolkits] ",https://doi.org/10.1109/ICISS50791.2020.9307553,emergency responses and visualization
LANCET01,SARS-CoV-2 antigen rapid detection tests: test performance during the COVID-19 pandemic and the impact of COVID-19 vaccination,Lancet,eBioMedicine,2024,,,0,Tabular Data; Document Data,1,,"[Domain Subtype]
[Policymakers] ",Policymakers; Domain Experts,1,1,To evaluate the long-term performance of SARS-CoV-2 antigen RDTs during the pandemic and assess the impact of vaccination and viral variants.,line chart; area chart; bar cahrt; scatter plot; box plot,"line chart, area chart, bar cahrt, scatter plot, box plot",Basic,,Toolkits,[Toolkits],https://doi.org/10.1016/j.ebiom.2024.105394,pandemic and visualization
LANCET02,Neural network-assisted humanisation of COVID-19 hamster transcriptomic data reveals matching severity states in human disease,Lancet,eBioMedicine,2024,,,0,Tabular Data,1,,[Domain Subtype],Domain Experts,1,0,they developed a neural network-supported workflow to integrate and analyze single-cell transcriptomics data across species,scatter plot; bar chart; box plot; dot plot; violin plot,"scatter plot, bar chart, box plot, dot plot, violin plot",Basic,,Toolkits,[Toolkits],https://doi.org/10.1016/j.ebiom.2024.105312,pandemic and visualization
LANCET03,Convergence of SARS-CoV-2 spike antibody levels to a population immune setpoint,Lancet,eBioMedicine,2024,,,0,Tabular Data,0,,[Domain Subtype],Domain Experts,1,0,"This study reveals how widespread transmission drives population immune dynamics, leading to convergence of antibody levels at a common immune setpoint. ",line chart; area chart; bar chart; box plot; histogram; ridge plot; scatter plot,"line chart, area chart, bar chart, box plot, histogram, ridge plot, scatter plot ",Basic,,Toolkits,[Toolkits],https://doi.org/10.1016/j.ebiom.2024.105319,pandemic and visualization
LANCET04,Mapping of functional SARS-CoV-2 receptors in human lungs establishes differences in variant binding and SLC1A5 as a viral entry modulator of hACE2,Lancet,eBioMedicine,2021,,,0,Tabular Dara; 2D scalar field (imagery data),0,,[Domain Subtype],Domain Experts,1,1,"they developed an efficient SARS-CoV-2-RBD binding assay suitable for super resolution microscopy and simultaneous hACE2 immunodetection and mapped the correlation between hACE2 receptor abundance and SARS-CoV-2-RBD binding, both in vitro and in human lung biopsies.",line chart; area chart; bar chart; image; box plot; scatter plot; violin plot,"line chart, area chart, bart chart, images, box plot, scatter plot, violin",Advanced,,Toolkits,[Toolkits],https://doi.org/10.1016/j.ebiom.2022.104390,pandemic and visualization
LANCET05,AI-guided discovery of the invariant host response to viral pandemics,Lancet,eBioMedicine,2021,,,0,Tabular Data,1,,[Domain Subtype],Domain Experts,1,1,"This study identifies a conserved immune response signature (ViP) across viral pandemics, providing insights into cytokine storms and severity determinants in COVID-19 by using AI",line chart; area chart; bar chart; image; box plot; scatter plot; violin plot,"line chart, area chart, bart chart, images, box plot, scatter plot, violin",Advanced,,Toolkits,[Toolkits],https://doi.org/10.1016/j.ebiom.2021.103390,pandemic and visualization
LANCET06,Crowd-sourced machine learning prediction of long COVID using data from the National COVID Cohort Collaborative,Lancet,eBioMedicine,2023,,,0,Tabular Data; Time-series Data,1,,"[Domain Subtype]
[Policymakers] ",Policymakers; Domain Experts,1,1,This study leverages time-series and tabular data from the N3C data enclave to develop machine learning models for predicting the risk of Long COVID,dashboard,Dashboard with charts,Medium,,Toolkits,[Toolkits],https://doi.org/10.1016/j.ebiom.2024.105333,pandemic and visualization
LANCET07,"Burden of disease scenarios for 204 countries and territories, 2022–2050: a forecasting analysis for the Global Burden of Disease Study 2021",Lancet,The Lancet,2024,,,0,Tabular Data; Time-series Data,1,,"[Domain Subtype]
[Policymakers] ",Policymakers; Domain Experts,1,1,"This study provides spatiotemporal forecasts of global health metrics, including life expectancy, DALYs, and mortality, up to 2050. It uses advanced modeling techniques to produce scenario-based projections, offering insights into the impact of interventions on global disease burden",line chart; area chart; map; table,"line chart, area cahrt, map, table",Basic,,Toolkits,[Toolkits]: Python,https://doi.org/10.1016/S0140-6736(24)00685-8,pandemic and visualization
LANCET08,"Global age-sex-specific mortality, life expectancy, and population estimates in 204 countries and territories and 811 subnational locations, 1950–2021, and the impact of the COVID-19 pandemic: a comprehensive demographic analysis for the Global Burden of Disease Study 2021",Lancet,The Lancet,2024,,,0,Tabular Data; Spatiotemporal Data,1,,"[Domain Subtype]
[Policymakers] ",Policymakers; Domain Experts,1,1,"This study provides spatiotemporal demographic estimates for global mortality, life expectancy, and population trends over a 72-year period, with particular emphasis on the impact of the COVID-19 pandemic.",line chart; box plot; bar chart; map; bubble chart; table; area chart,"line chart, box plot, bar chart, map, bubble chart, table, area chart",Basic,,Toolkits,[Toolkits]: Python and R,https://doi.org/10.1016/S0140-6736(24)00476-8,pandemic and visualization
LANCET09,"Non-pharmaceutical interventions, vaccination, and the SARS-CoV-2 delta variant in England: a mathematical modelling study",Lancet,The Lancet,2021,,,0,Tabular Data,0,,"[Domain Subtype]
[Policymakers] ",Policymakers; Domain Experts,1,0,This study employs mathematical modeling to evaluate the UK’s roadmap for lifting non-pharmaceutical interventions (NPIs) during COVID-19 and the impact of the delta variant,line chart; area chart; scatter plot; forest plot,"line chart, area chart, scatter plot, forest plot",Basic,,Toolkits,[Toolkits],https://doi.org/10.1016/S0140-6736(21)02276-5,pandemic and visualization
LANCET10,"Ethnic differences in SARS-CoV-2 infection and COVID-19-related hospitalisation, intensive care unit admission, and death in 17 million adults in England: an observational cohort study using the OpenSAFELY platform",Lancet,The Lancet,2021,,,0,Tabular Data; Spatiotemporal Data,1,,"[Domain Subtype]
[Policymakers] ",Policymakers; Domain Experts,1,1,"This study evaluates ethnic disparities in SARS-CoV-2 infection and adverse COVID-19 outcomes during the first two pandemic waves in England, using 17 million electronic health records from the OpenSAFELY platform",table; forest plot,"table, forest plot",Basic,,Toolkits,"[Toolkits]: Python, SQL, Stata",https://doi.org/10.1016/S0140-6736(21)00634-6,pandemic and visualization
LANCET11,COVID-19 mortality in patients with cancer on chemotherapy or other anticancer treatments: a prospective cohort study,Lancet,The Lancet,2020,,,0,Tabular Data,0,,[Domain Subtype],Domain Experts,1,0,This study leverages data from the UK Coronavirus Cancer Monitoring Project (UKCCMP) to examine the impact of recent anticancer treatments on COVID-19 mortality in cancer patients,map; bar chart; sanky diagram; forest plot,"map, bar chart, sanky graph, forest plot",Basic,,Toolkits,[Toolkits],https://doi.org/10.1016/S0140-6736(20)31173-9,pandemic and visualization
LANCET12,Estimating excess 1-year mortality associated with the COVID-19 pandemic according to underlying conditions and age: a population-based cohort study,Lancet,The Lancet,2020,,,0,Tabular Data,1,,[Domain Subtype],Domain Experts,1,1,"This study utilizes the Health Data Research UK–CALIBER registry to develop models for estimating excess 1-year mortality during the COVID-19 pandemic based on age, sex, and high-risk conditions",bar chart; scatter plot; heatmap; table,"bar chart, scatter plot, heatmap, table",Basic,,Toolkits,[Toolkits],https://doi.org/10.1016/S0140-6736(20)30854-0,pandemic and visualization
LANCET13,"Burden of disease scenarios by state in the USA, 2022–50: a forecasting analysis for the Global Burden of Disease Study 2021",Lancet,The Lancet,2024,,,0,Tabular Data,1,,"[Domain Subtype]
[Policymakers] ",Policymakers; Domain Experts,1,0,"they developed a comprehensive framework for forecasting life expectancy, healthy life expectancy (HALE), cause-specific mortality, and disability-adjusted life-years (DALYs) due to 359 causes of disease and injury burden from 2022 to 2050 for the USA and all 50 states and Washington, DC",line chart; scatter plot,"scatter plot, line chart",Basic,,Toolkits,[Toolkits],https://doi.org/10.1016/S0140-6736(24)02246-3,pandemic and visualization
LANCET14,"Seroprevalence and humoral immune durability of anti-SARS-CoV-2 antibodies in Wuhan, China: a longitudinal, population-level, cross-sectional study",Lancet,The Lancet,2021,,,0,Tabular Data; Spatiotemporal Data,0,,"[Domain Subtype]
[Policymakers] ",Policymakers; Domain Experts,1,1,"This study provides critical insights into the seroprevalence and durability of humoral immune responses to SARS-CoV-2 in Wuhan, China",line chart; map; scatter plot; box plot,"line chart, map, scatter plot, box plot",Basic,,Toolkits,[Toolkits]: SAS software,https://doi.org/10.1016/S0140-6736(21)00238-5,healthcare and visualization
LANCET15,Relative efficacy of masks and respirators as source control for viral aerosol shedding from people infected with SARS-CoV-2: a controlled human exhaled breath aerosol experimental study,Lancet,eBioMedicine,2024,,,0,Tabular Data,0,,"[Public]
[Domain Subtype]
[Policymakers] ",Public; Policymakers; Domain Experts,0,1,"This study investigates the efficacy of various masks and respirators (cloth, surgical, KN95, and N95) in reducing SARS-CoV-2 viral aerosol shedding",box plot,box plot,Basic,,Toolkits,[Toolkits]: R,https://doi.org/10.1016/j.ebiom.2024.105157,healthcare and visualization
LANCET16,Identification of pre-infection markers and differential plasma protein expression following SARS-CoV-2 infection in people living with HIV,Lancet,eBioMedicine,2023,,,0,Tabular Data,0,,"[Domain Subtype]
[Policymakers] ",Policymakers; Domain Experts,1,0,This study investigates plasma protein changes over time and identifies pre-infection markers predictive of COVID-19 severity in people living with HIV (PWH) treated with antiretroviral therapy (ART),line chart; node-link graph; heatmap,"line chart, network graph, heatmap",Basic,,Toolkits,[Toolkits],https://doi.org/10.1016/j.ebiom.2023.104538,healthcare and visualization
LANCET17,The gut microbiota and metabolome are associated with diminished COVID-19 vaccine-induced antibody responses in immunosuppressed inflammatory bowel disease patients,Lancet,eBioMedicine,2023,,,0,Spatiotemporal Data,0,,"[Domain Subtype]
[Policymakers] ",Policymakers; Domain Experts,1,0,This study investigates how gut microbiota composition and metabolomic profiles affect the antibody response to SARS-CoV-2 vaccines in immunosuppressed IBD patients treated with infliximab,box plot; bar chart; scatter plot; heatmap; node-link graph; forest plot,"box plot, bar chart, scatter plot, heatmap, network graph, forest plot",Basic,,Toolkits,[Toolkits]: Python,https://doi.org/10.1016/j.ebiom.2022.104430,healthcare and visualization
LANCET18,Generalisable long COVID subtypes: findings from the NIH N3C and RECOVER programmes,Lancet,eBioMedicine,2023,,,0,Tabular Data,1,,"[Domain Subtype]
[Policymakers] ",Policymakers; Domain Experts,1,1,"This study leverages electronic healthcare records (EHRs) and semantic similarity-based clustering to stratify patients with post-acute sequelae of SARS-CoV-2 infection (PASC, or long COVID) into six distinct subtypes",heatmap; upset plot; bar chart; table,"heatmap, upset plot, bar chart, table",Medium,,Toolkits,[Toolkits],https://doi.org/10.1016/j.ebiom.2022.104413,healthcare and visualization
LANCET19,Hospital trajectories and early predictors of clinical outcomes differ between SARS-CoV-2 and influenza pneumonia,Lancet,eBioMedicine,2022,,,0,Tabular Data,0,,[Domain Subtype],Domain Experts,1,1,This study uses multi-state modeling and supervised machine learning to compare the hospital course and clinical outcome predictors of SARS-CoV-2 and influenza pneumonia,alluvial plot; line chart; area chart; scatter plot; forest plot; bar chart,"alluvial plot, line chart, area chart, scatter plot, forest plot, bar chart",Medium,,Toolkits,[Toolkits],https://doi.org/10.1016/j.ebiom.2022.104295,healthcare and visualization
LANCET20,Plasma proteomic signature predicts who will get persistent symptoms following SARS-CoV-2 infection,Lancet,eBioMedicine,2022,,,0,Tabular Data,0,,[Domain Subtype],Domain Experts,1,1,This study investigates the plasma proteome's role in predicting persistent symptoms post-SARS-CoV-2 infection,heatmap; correlogram; scatter plot; node-link graph; bar chart,"heatmap, correlogram, scatter plot, network graph, bar chart",Medium,,Toolkits,[Toolkits],https://doi.org/10.1016/j.ebiom.2022.104293,healthcare and visualization
LANCET21,Determinants of early antibody responses to COVID-19 mRNA vaccines in a cohort of exposed and naïve healthcare workers,Lancet,eBioMedicine,2022,,,0,Tabular Data,0,,[Domain Subtype],Domain Experts,1,1,This study evaluated early antibody responses in healthcare workers (n=578) vaccinated with BNT162b2 (Pfizer/BioNTech) or mRNA-1273 (Moderna),box plot; line chart,"box plot, line chart",Medium,,Toolkits,[Toolkits],https://doi.org/10.1016/j.ebiom.2021.103805,healthcare and visualization
LANCET22,Characterization of long COVID temporal sub-phenotypes by distributed representation learning from electronic health record data: a cohort study,Lancet,eClinicalMedicine,2023,,,0,Tabular Data,1,,[Domain Subtype],Domain Experts,1,1,"they conducted a retrospective multi-centre observational cohort study, leveraging longitudinal electronic health record (EHR) data of 30,422 patients from three healthcare systems in the Consortium for the Clinical Characterization of COVID-19 by EHR (4CE)",violin plot; forest graph; heatmap,"violin plot, forest graph, heatmap",Basic,,Toolkits,[Toolkits],https://doi.org/10.1016/j.eclinm.2023.102210,healthcare and visualization
LANCET23,A multiplex protein panel assay for severity prediction and outcome prognosis in patients with COVID-19: An observational multi-cohort study,Lancet,eClinicalMedicine,2022,,,0,Tabular data,0,,[Domain subtype],Domain Experts,1,0,they developed a multiplexed proteomics assay for determining disease severity and prognosis in COVID19,line chart; scatter plot; box plot; heatmap,"?, line chart, scatter plot, box plot, haetmap",Basic,,Toolkits,[Toolkits],https://doi.org/10.1016/j.eclinm.2022.101495,healthcare and visualization
LANCET24,Breakthrough SARS-CoV-2 infections in double and triple vaccinated adults and single dose vaccine effectiveness among children in Autumn 2021 in England: REACT-1 study,Lancet,eClinicalMedicine,2022,,,0,Tabular data; Time-series data,0,,[Domain subtype],Domain Experts,1,1,,line chart; bar chart; forest plot; table,"line chart, bar chart, forest plot, table",Basic,,Toolkits,[Toolkits]: R,https://doi.org/10.1016/j.eclinm.2022.101419,healthcare and visualization
LANCET25,Geospatial analysis of contagious infection growth and cross-boundary transmission in non-vaccinated districts of North-East Indian states during the COVID-19 pandemic,Lancet,The Lancet Regional Health - Southeast Asia,2024,,,0,Geospatial data,3,,"[Domain subtype]
[Policymakers]",Policymakers; Domain Experts,1,1,this study examines the week-wise cumulative data to analyze the spread of the initial COVID19 wave across districts during the lockdown phase,line chart; scatter plot; 3D visualization,"line chart, scatter plot, area chart, map, 3D plot",Medium,,Toolkits; Software,"[Toolkits]: Python
[Software]: ArcGIS Pro",https://doi.org/10.1016/j.lansea.2024.100451,epidemiological modeling and visualization
LANCET26,"Risk and severity of SARS-CoV-2 reinfections during 2020–2022 in Vojvodina, Serbia: A population-level observational study",Lancet,The Lancet Regional Health – Europe,2022,,,0,Geospatial data,1,,"[Public]
[Domain Subtype]
[Policymakers] ",Public; Policymakers; Domain Experts,0,1,The primary task is analyzing the rate and severity of reinfections over time and in relation to vaccination status,line chart; table,"line chart, table",Basic,,Toolkits,[Toolkits],https://doi.org/10.1016/j.lanepe.2022.100453,epidemiological modeling and visualization
LANCET27,Tracking the emergence of disparities in the subnational spread of COVID-19 in Brazil using an online application for real-time data visualisation: A longitudinal analysis,Lancet,The Lancet Regional Health – Americas,2021,,,0,Tabular data; Time-series data,1,,"[Public]
[Domain Subtype]
[Policymakers] ",Public; Policymakers; Domain Experts,1,1,The primary task is analyzing the spread of COVID-19 and identifying factors influencing the epidemic’s rate and intensity at the municipality level,map; line chart; bar chart,"map, line chart, bar chart",Advanced,,Software,[Software],https://doi.org/10.1016/j.lana.2021.100119,epidemiological modeling and visualization
LANCET28,Visualising SARS-CoV-2 infection of the lung in deceased COVID-19 patients,Lancet,eBioMedicine,2023,,,0,2D scalar field (imagery data),0,,[Domain Subtype],Domain Experts,1,0,"The goal of the study is to deepen the understanding of how SARS-CoV-2 infects human lung tissue, especially in the acute phase of the disease",swimmer plot; image,"swimmer plot, image",Basic,,Toolkits,[Toolkits],https://doi.org/10.1016/j.ebiom.2023.104608,emergency responses and visualization
LANCET29,SARS-CoV-2 variant-related abnormalities detected by prenatal MRI: a prospective case–control study,Lancet,The Lancet Regional Health – Europe,2023,,,0,2D scalar field (imagery data),0,,"[Public]
[Domain Subtype]",Public; Domain Experts,1,0,"The goal of the study is to understand how SARS-CoV-2 variants impact pregnancy outcomes, particularly placental and fetal health, using advanced imaging techniques",image,image,Basic,,Toolkits,[Toolkits],https://doi.org/10.1016/j.lanepe.2023.100587,emergency responses and visualization
LANCET30,Comparative analysis of the risks of hospitalisation and death associated with SARS-CoV-2 omicron (B.1.1.529) and delta (B.1.617.2) variants in England: a cohort study,Lancet,The Lancet,2022,,,0,Document Data,1,,"[Public]
[Domain Subtype]",Public; Domain Experts,1,0,"analyze the risk of hospital attendance, admission, and death associated with omicron and delta variants",bar chart,bar chart,Basic,,Toolkits,[Toolkits],https://doi.org/10.1016/S0140-6736(22)00462-7,emergency responses and visualization
LANCET31,"Daily testing for contacts of individuals with SARS-CoV-2 infection and attendance and SARS-CoV-2 transmission in English secondary schools and colleges: an open-label, cluster-randomised trial",Lancet,The Lancet,2021,,,0,Tabular Data,1,,"[Public]
[Domain Subtype]",Public; Domain Experts,1,1,analyze the effectiveness of daily testing as an alternative to self-isolation for controlling COVID-19 transmission in schools,bar chart; line chart; area chart,"histogram, line chart, area chart",Basic,,Toolkits,[Toolkits],https://doi.org/10.1016/S0140-6736(21)01908-5,emergency responses and visualization
LANCET32,Effects of a major deletion in the SARS-CoV-2 genome on the severity of infection and the inflammatory response: an observational cohort study,Lancet,The Lancet,2020,,,0,Tabular Data,0,,"[Public]
[Domain Subtype]",Public; Domain Experts,1,1,"analyze how the ∆382 variant affects the severity of COVID-19 infection compared to the wild-type virus, specifically focusing on hypoxia requiring supplemental oxygen",heatmap,heatmap,Basic,,Toolkits,[Toolkits],https://doi.org/10.1016/S0140-6736(20)31757-8,emergency responses and visualization
ACM01,CyberGIS-Vis for Democratizing Access to Scalable Spatiotemporal Geovisual Analytics: A Case Study of COVID-19,ACM,ACM SIGSPATIAL International Workshop on Spatial Computing for Epidemiology,2024,,1,0,spatiotemporal data,3,"Using COVID-19 data from the
 New York Times (https://github.com/nytimes/covid-19-data)",Public,Public,0,0,,choropleth map; bar chart; line chart,choropleth map; bar chart; line chart,Medium,,Web App,,10.1145/3681777.3698474,pandemic & visualization
ACM02,Artificial Intelligence and Blockchain Enabled Smart Healthcare System for Monitoring and Detection of COVID-19 in Biomedical Images,ACM,IEEE/ACM Trans. Comput. Biol. Bioinformatics,2023,,1,0,2D scalar field (imagery data),1,,"Domain experts in healthcare, including radiologists, doctors, and healthcare providers",Healthcare Experts,1,0,"to make the suggested deep learning architecture for the analysis of radiological images more understandabl, the Gradient-weighted Class Activation Mapping (Grad-CAM) based colour visualization approach is used.",heatmap,heatmap,Static Vis,,Toolkits,Python,10.1109/TCBB.2023.3294333,pandemic & visualization; healthcare & visualization
ACM03,Does Where You are Matter? A Visual Analytics System for COVID-19 Transmission Based on Social Hierarchical Perspective,ACM,International Symposium on Visual Information Communication and Interaction,2023,,1,1,spatiotemporal data; tabular data; textual data,1,"2020 Hong Kong COVID-19 historical data, encompassing 17,062 data points with 24 attributes, provided by the Centre for Health Protection (CHP) and the Lands De-
 partment",Sociological and Spatial Analysis Experts,Sociological Experts,0,0,analyzing the spatial and temporal dynamics of COVID-19 in HongKong during 2020; analyzing the micromechanisms of viral transmission among cases and groups,node-link graph; choropleth map; bar chart; wordcloud,node-link graph; choropleth map; bar chart; wordcloud,Medium,,Web App,,10.1145/3615522.3615528,pandemic & visualization
ACM04,Real-Time Monitoring of Health Security Attacks with R-based Data Visualization Dashboard,ACM,"ACM International Conference on Bioinformatics, Computational Biology, and Health Informatics",2023,,1,0,tabular data; time-series data; geospatial data,3,,Patients and Healthcare Providers,Public; Policymakers,1,0,support patients and healthcare providers to fully understand the magnitude of covid-19 incidents,dashboard; table; choropleth map; line chart; box plot,dashboard; table; choropleth map; line chart; box plot,Medium,,Toolkits,R-shiny-app,10.1145/3584371.3613035,pandemic & visualization; healthcare & visualization
ACM05,The Fact-Checking Observatory: Reporting the Co-Spread of Misinformation and Fact-checks on Social Media,ACM,ACM Conference on Hypertext and Social Media,2023,,1,0,textual data; tabular data,3,"IFCN coronavirus database, https://www.poynter.org/ifcn-covid-19-misinformation.",Public,Public,0,1,track the spread of misinformation and fact-checks on Twitter,treemap; bubble map; bar chart; table,treemap; bubble map; bar chart; table,Basic,,Web App,,10.1145/3603163.3609042,pandemic & visualization
ACM06,Visualizing Relation Between (De)Motivating Topics and Public Stance Toward COVID-19 Vaccine,ACM,ACM/IEEE Joint Conference on Digital Libraries,2024,,1,0,textual data; tabular data,3,,Public,Public,0,0,to understand the topics spreading on Twitter and (de)motivating the public,bubble chart; dot plot,bubble chart; dot plot,Medium,,Web App,,10.1109/JCDL57899.2023.00067,pandemic & visualization
ACM07,DualStage: Enhancing Emotional Connections through Music Visualization for Synchronizing Live and Virtual Performances,ACM,ACM International Joint Conference on Pervasive and Ubiquitous Computing,2024,Not related to pandemic data-- virtual concert duing pandemic; Using XR technologies;,0,0,time-series data; 2D scalar field (imagery data); geometric models,2,,Musicians,Musicians,1,1,to enhance emotional connections between live and virtual audiences,visual contents in vitual environment,visual contents in vitual environment,Immersive,,Immersive App,,10.1145/3675094.3678387,pandemic & visualization
ACM08,Cone of Vision as a Behavioural Cue for VR Collaboration,ACM,Proc. ACM Hum.-Comput. Interact.,2022,Not related to pandemic data--immersive collaboration; ER4: Using VR technologies,0,0,geometric models; event data,3,,Educators; Researchers,Educators; Researchers,0,0,Support collaborative work,bar chart; box plot,bar chart; box plot,n/a,,Immersive App,,10.1145/3555615,pandemic & visualization
ACM09,Touch the Collections: A 3D UI Prototype in DSpace-7,ACM,ACM/IEEE Joint Conference on Digital Libraries,2024,Not related to pandemic data--3d vis for digital libraries' collections,0,0,"tree, set, graph/network",3,,Public,Public,0,0,visualize digital libraries' collection structure,3D graph,3D graph,Basic,,Web App,DSpace-7,10.1109/JCDL57899.2023.00054,pandemic & visualization
ACM10,From Asymptomatics to Zombies: Visualization-Based Education of Disease Modeling for Children,ACM,CHI Conference on Human Factors in Computing Systems,2023,,1,0,"tree, set, graph/network",3,simulated data,Public (children),Public,1,1,make disease models accessible to children; teaching,animation; bar chart; node-link graph; dot plot,animation; bar chart; node-link graph; dot plot,Advanced,,Web App,,10.1145/3544548.3581573,pandemic & visualization
ACM11,Ad-Hoc Monitoring of COVID-19 Global Research Trends for Well-Informed Policy Making,ACM,ACM Trans. Intell. Syst. Technol.,2023,,1,0,textual data; spatiotemporal data,3,The PubTator Central Dataset,Public; policymakers,Public; Policymakers,1,0,,bar chart; dot map;,bar chart; dot map;,Medium,,Toolkits,Python-Folium,10.1145/3576901,pandemic & visualization; healthcare & visualization
ACM12,Covid-19 in Saudi Arabia: A Pandemic Data Descriptive Analysis and Visualization,ACM,Annual International Conference on Arab Women in Computing in Conjunction with the 2nd Forum of Women in Research,2021,,1,0,tabular data,3,,Public,Public,0,0,analyze and visualize the Covid-19 spread in different regions using different epidemiological metrics,dashboard; bar chart; line chart,dashboard; bar chart; line chart,Basic,,Software,Tableau,10.1145/3485557.3485575,pandemic & visualization
ACM13,Covid Connect: Chat-Driven Anonymous Story-Sharing for Peer Support,ACM,ACM Designing Interactive Systems Conference,2022,,1,1,textual data,2,user input text,Public,Public,1,1,address loneliness nad isolation during covid by allowing anonymous story-sharing,bubble chart; collaborative storyboard,bubble chart; collaborative storyboard,Medium,,Web App,,10.1145/3532106.3533545,pandemic & visualization
ACM14,An Interactive Visualization Tool to Explore People's Tweets towards COVID-19,ACM,International Conference on Advanced Visual Interfaces,2022,,1,1,textual data; tabular data,3,George Washington University’s TweetSets repository and Twitter API; Johns Hopkins University Center for Systems Science and Engineering (JHU CSSE) github repository,Public,Public,1,0,,area chart; bar chart,area chart; bar chart,Static Vis,,Software,n/a,10.1145/3531073.3534496,pandemic & visualization
ACM15,COVID-Vis: Visualizing knowledge exchange on scientific software development in the COVID-19 era,ACM,Pan-Hellenic Conference on Informatics,2023,,1,0,document data (text corpus); tabular data; geospatial data,1,,"Researchers, educators, and software development stakeholders",Researchers; Educators,1,1,"assessing programming and
 technological interest in COVID-19 related software development
 efforts while also promoting the open science principles",line chart; wordcloud; bar chart; radar chart; heatmap on geo-map; donut chart; bubble chart,line chart; wordcloud; bar chart; radar chart; heatmap on geo-map; donut chart; bubble chart,Medium,Medium: Users can filter data by timeframes and interact with visualizations to explore trends and metadata,Web App,,10.1145/3575879.3576019,pandemic & visualization
ACM16,"Simonstown: An AI-facilitated Interactive Story of Love, Life, and Pandemic",ACM,International Symposium on Visual Information Communication and Interaction,2023,,1,1,document data (text corpus); 2D scalar field (imagery data); video data,2," - The data is described as primarily for artistic purposes with generative AI tools, suggesting manageable data sizes suitable for creative projects.",Public; Artists and storytellers,Public; Artists,1,1,"AI-facilitated interactive
 storytelling",data comics; panoramas; storyboard visuals,data comics; panoramas; storyboard visuals,Advanced,"Advanced: Users interact with a film-based interface to explore different storylines, make choices, and affect the narrative flow, with immersive and emotional visual experiences.",n/a,,10.1145/3615522.3615554,pandemic & visualization
ACM17,Multivariate Sales Forecast Model Towards Trend Shifting During COVID-19 Pandemic: A Case Study in Global Beauty Industry,ACM,International Conference on Engineering and Information Technology for Sustainable Industry,2022,,1,0,tabular data; time-series data,3,,Business analysts,Business Analysts,1,0,"visualization to provide additional factual
 information, includes the external factor, to support knowledge
 management for better rational decision-making process for sales data analysis",line chart,line chart,Static Vis,,Toolkits,Pyhon,10.1145/3557738.3557850,pandemic & visualization
ACM18,CVAS: An Interactive Visual Analytics System for Exploring COVID-19 Information on the Web,ACM,International Conference on Compute and Data Analysis,2022,,1,0,spatiotemporal data; textual data; tabular data,1,,Policymakers; Public health researchers; communication experts,Policymakers; Public Health Experts; Sociological Experts,1,0,stiment analysis of covid-19 related social media data; statistical analysis of covide data,area chart; bubble map; choropleth map; sankey diagram; chord diagram; wordcloud;,area chart; bubble map; choropleth map; sankey diagram; chord diagram; wordcloud;,Medium,,Web App,,10.1145/3523089.3523108,pandemic & visualization
ACM19,Text and Audio Framework for an Effective Mathematical Symbolsâ€™ Visualization for Blind Students,ACM,International Conference on Information Management \&amp; Machine Intelligence,2023,,1,0,document data (corpus); audio data,0,,Blind or visually impaired students and their educators,Educators; Students,1,1,"to enhance educational accessibility for visually impaired students, making mathematical learning more inclusive and engaging",Braille symbols,Braille symbols,Basic,,Software,Google Speech API,10.1145/3590837.3590933,pandemic & visualization
ACM20,Network Visualization and Assessment of Student Reasoning About Conditionals,ACM,ACM Conference on on Innovation and Technology in Computer Science Education,2022,,1,0,"tree, set, graph/network",2,,Educators and researchers in computer science education,Educators; Students,1,0,for educators and researchers to understand and improve student learning processes,node-link graph,node-link graph,Basic,,Web App,,10.1145/3502718.3524793,pandemic & visualization
ACM21,CovidExplorer: A Multi-faceted AI-based Search and Visualization Engine for COVID-19 Information,ACM,ACM International Conference on Information \&amp; Knowledge Management,2020,,1,0,textual data; tabular data; time-series data,1,,"Policymakers;Researchers in COVID-19, biomedicine, and social media analysis",Policymakers; Public Health Experts; Sociological Experts,1,1,understanding and developing preventive measures for the pandemic.,dashboard; bar chart; sankey diagram; line chart; wordcloud,dashboard; bar chart; sankey diagram; line chart; wordcloud,Medium,,Web App,,10.1145/3340531.3417428,pandemic & visualization
ACM22,Leveraging aesthetic expression in visualization to communicate positive facts during COVID-19 pandemic,ACM,International Symposium on Visual Information Communication and Interaction,2020,,1,1,geospatial data; tabular data,3,,Public,Public,0,1,"to tell a compelling
 data story describing the international scientific dedication in fighting the disease collaboratively",artistic visualization; 3D geospatial visualization,artistic visualization; 3D geospatial visualization,Basic,,Web App,,10.1145/3430036.3430063,pandemic & visualization
ACM23,COVID-19 Data Visualization through Automatic Phase Detection,ACM,Digit. Gov.: Res. Pract.,2020,,1,0,tabular data; time-series data,1,,Public; pandemic spread analysts,Public; Public Health Experts,1,1,represent and compare rate of spread of COVID-19 pandemic across different countries over time,bar chart; line chart; radar chart; pie chart,bar chart; line chart; radar chart; pie chart,Medium,,Web App,,10.1145/3411756,pandemic & visualization
ACM24,Using smart glasses for monitoring cyber threat intelligence feeds,ACM,IEEE/ACM International Conference on Advances in Social Networks Analysis and Mining,2022,Not related to pandemic data; ER4: Using AR techonologies,0,0,event data; tabular data,0,,Cybersecurity analysts,Cybersecurity Analysts,0,0,,dashboard; bar chart; map; scatter plot,Augmented Reality (AR) Overlays,n/a,,Immersive App,Smart glasses,10.1145/3487351.3492722,pandemic & visualization
ACM25,The Larger Picture: A Designerly Approach to Making the Invisible Domestic Workloads of Working Women Visible,ACM,Asian CHI Symposium 2021,2021,,1,0,event data,0,,Public,Public,0,1,makes invisible domestic work visible,bar chart; donut chart,bar chart; donut chart,Basic,,Mobile App,only wireframes,10.1145/3429360.3468224,pandemic & visualization
ACM26,"COVID19 tracking: an interactive tracking, visualizing and analyzing platform",ACM,IEEE/ACM International Conference on Advances in Social Networks Analysis and Mining,2021,,1,0,spatiotemporal data; tabular data,1,,Policymakers; Disease modelling experts,Policymakers; Public Health Experts,1,1,offers decision-makers with accurate data-driven representations in an easy to understand format that informs them the pandemic dynamics and enables them to make more timely and cost-effective preparation and response plans,line chart; bar chart; choropleth map;,line chart; bar chart; choropleth map;,Medium,,Web App,,10.1109/ASONAM49781.2020.9381414,pandemic & visualization
ACM27,ZoombaTogether: A Video Conference Add-on for Generating Interactive Visual Feedback for Online Group Exercise Through On-The-Fly Pose Tracking,ACM,ACM Designing Interactive Systems Conference,2023,,1,1,video data; 2D scalar field (imagery data),0,,Public,Public,1,1,use visual feedback as a communication channel for exercise participants; enhancing the online group exercise experience,icon,icon,n/a,,Web App,,10.1145/3563703.3596653,pandemic & visualization
ACM28,A Machine Learning Approach for Sentiment Analysis to Nurture Mental Health Amidst COVID-19,ACM,"International Conference on Data Science, Machine Learning and Artificial Intelligence",2022,,1,0,textual data; geospatial data,1,Twitter API,Public,Public,1,0,,bar chart; choropleth map;,bar chart; choropleth map;,Medium,,Web App,,10.1145/3484824.3484877,pandemic & visualization
ACM29,Providing Detailed Information on National Policies to Cope with the Covid-19 Pandemic,ACM,Digit. Gov.: Res. Pract.,2020,,1,0,tabular data; geospatial data,1,,Policymakers,Policymakers,0,1,to increase transparency by providing citizens and stakeholders access to data on government interventions,bar chart; bubble map,bar chart; bubble map,Basic,,Web App,,10.1145/3428089,pandemic & visualization
ACM30,CrowdMap: Spatiotemporal Visualization of Anonymous Occupancy Data for Pandemic Response,ACM,International Conference on Advances in Geographic Information Systems,2021,,1,0,spatiotemporal data; tabular data,1,,Policymakers,Policymakers,0,0,visualizes occupancy data,open streat map; choropleth map; line chart,open streat map; choropleth map; line chart,Medium,,Web App,,10.1145/3474717.3484269,pandemic & visualization
ACM31,Home Studio: DIY Interior Design in Mixed Reality,ACM,ACM SIGGRAPH 2021 Immersive Pavilion,2021,Not related to pandemic data; ER4: Using XR technologies,0,0,2D scalar field (imagery data),0,,Public,Public,0,0,immersive experience for interior design,n/a,image,Basic,,Web App,Matterport SDK,10.1145/3450615.3464528,pandemic & visualization
ACM32,Cangjie's Poetry: An Interactive Art Experience of a Semantic Human-Machine Reality,ACM,Proc. ACM Comput. Graph. Interact. Tech.,2021,Not related to pandemic data -- immersive art exhbitions during covid,0,0,document data (text corpus); video data,0,,Public,Public,1,1,,immersive gallery,immersive gallery,n/a,,n/a,,10.1145/3465619,pandemic & visualization
ACM33,Attention-based clinical note summarization,ACM,ACM/SIGAPP Symposium on Applied Computing,2022,,1,0,document data (text corpus); time-series data,1,,Healthcare professionals and medical researchers,Healthcare Experts,1,0,visualizing model and statistical outputs,heatmap; line chart,heatmap; line chart,Static Vis,,n/a,,10.1145/3477314.3507256,pandemic & visualization
ACM34,Dynamic Lexical Framework to Evaluate the Evolution of Emotions in Twitter,ACM,"International Conference on E-Society, e-Learning and e-Technologies",2021,,1,0,document data (text corpus); time-series data,1,,Policymakers; Researchers and practitioners in sentiment analysis and social media analysis,Policymakers; Sociological Experts,1,0,generates sentiment-time graphs,line chart,line chart,Static Vis,,n/a,,10.1145/3477282.3477297,pandemic & visualization
ACM35,The COVID-19 impacts on contextual privacy behavior in Kuwait,ACM,International Conference on Advances in Mobile Computing \&amp; Multimedia,2021,,1,0,software & ML models,3,users' usage data,Public,Public,0,0,ssess how COVID-19 pandemic changes the mobile usage and contextual privacy behavio,dashboard; Nightingale chart; area chart; sunburst chart,dashboard; Nightingale chart; area chart; sunburst chart,Basic,,Mobile App,,10.1145/3428690.3429163,pandemic & visualization
ACM36,Web-based 3D visualization system for anatomy online instruction,ACM,ACM Southeast Conference,2021,Not related to pandemic data -- application designed for online teaching during pandemic,0,0,3D+ scalar field (volumn vis),0,,Medical students,Educators; Students,0,0,facilitate online learning,3D visualization,3D visualization,Basic,,Web App,,10.1145/3409334.3452080,pandemic & visualization
ACM37,Quantified Us: A group-in-the-loop approach to team network reconstruction,ACM,2021 ACM International Joint Conference on Pervasive and Ubiquitous Computing and 2021 ACM International Symposium on Wearable Computers,2021,Not related to pandemic data -- application designed to enhance team collaboration during pandemic,0,0,time-series data,3,,Public,Public,0,0,understand team interaction activities and data,dashboard,dashboard,Basic,,Web App,,10.1145/3460418.3479363,pandemic & visualization
ACM38,Analysis Strategy of Tourism Development During the Pandemic in Yogyakarta,ACM,International Conference on Information Communication and Management,2021,,1,0,tabular data; textual data,3,"literature from various previous studies, news, the
 website of the Jogja city statistical center agency and the tourism service web",Policymakers,Policymakers,0,0,determine the strategy of the Yogyakarta City Tourism Office in developing tourism during the COVID-19 pandemic,bar chart; line chart; wordcloud,bar chart; line chart; wordcloud,Static Vis,,Software,NVIVO 12 plus,10.1145/3484399.3485667,pandemic & visualization
ACM39,VAC Medi+board: Analysing Vaccine Rumours in News and Social Media,ACM,International Conference on Digital Health Conference,2016,,1,0,"tree, set, graph/network; textual data",3,,Public,Public,1,0,,dashboard; node-link graph; line chart; area chart,dashboard; node-link graph; line chart; area chart,Medium,,Web App,,10.1145/2896338.2896370,healthcare & visualization
ACM40,Will You Be My Quarantine: A Computer Vision and Inertial Sensor Based Home Exercise System,ACM,International Conference on Pervasive Computing Technologies for Healthcare,2021,Not related to pandemic data,0,0,3D+ scalar field (volumn vis); event data,3,,Public,Public,1,1,,dashboard; 3D trajectory visualization,dashboard; 3D trajectory visualization,Basic,,Web App,,10.1145/3421937.3421946,pandemic & visualization
ACM41,Soap versus COVID-19,ACM,SIGGRAPH Asia Computer Animation Festival,2021,Not related to pandemic data; ER4: Using XR technologies --3D visualization film,0,0,3D+ scalar field (volumn vis),0,,Public,Public,0,1,,animation,animation,n/a,,n/a,,10.1145/3414687.3434105,pandemic & visualization
ACM42,Software engineers' response to public crisis: lessons learnt from spontaneously building an informative COVID-19 dashboard,ACM,ACM/IEEE International Conference on Software Engineering: Software Engineering in Society,2022,,1,0,tabular data; geospatial data; time-series data,3,,Public,Public,0,1,,dashboard; choropleth map; bar chart; line chart; table; timeline,dashboard; choropleth map; bar chart; line chart; table; timeline,Medium,,Web App,,10.1145/3510458.3513010,pandemic & visualization
ACM43,"Towards in situ visualization of extreme-scale, agent-based, worldwide disease-spreading simulations",ACM,SIGGRAPH Asia 2015 Visualization in High Performance Computing,2015,,1,0,geospatial data,1,simulated data,public health expert; Policymakers,Policymakers; Public Health Experts,1,0,"to provide an efficient, scalable, and query-driven in situ visualization framework for extreme-scale, agent-based disease-spreading simulations",dot map,dot map,Medium,,Web App,deployed on supercomputer,10.1145/2818517.2818543,healthcare & visualization
ACM44,Integration and visualization public health dashboard: the medi+board pilot project,ACM,International Conference on World Wide Web,2014,,1,0,tabular data; geospatial data; time-series data,3,"the HPA surveillance data from the Royal College of General Practice (RCGP), Google News API, and Twitter dataset collected during the pandemics in 2009",public health expert,Public Health Experts,1,0,simplify the task of investigation and control of infectious diseases by public health experts,dashboard; line chart; bar chart; pie chart; map; table,dashboard; line chart; bar chart; pie chart; map; table,Medium,,Web App,,10.1145/2567948.2579276,pandemic & visualization